val1,suit1,val2,suit2,nwin,nloose,nsplit
2.0,0.0,2.0,3.0,0.4966,0.485,0.0184
2.0,0.0,2.0,2.0,0.508,0.4702,0.0218
2.0,0.0,2.0,1.0,0.4874,0.4938,0.0188
2.0,3.0,2.0,2.0,0.5042,0.4782,0.0176
2.0,3.0,2.0,1.0,0.4834,0.4974,0.0192
2.0,2.0,2.0,1.0,0.5014,0.4796,0.019
2.0,0.0,3.0,0.0,0.3242,0.6148,0.061
2.0,0.0,3.0,3.0,0.2968,0.6428,0.0604
2.0,0.0,3.0,2.0,0.309,0.6304,0.0606
2.0,3.0,3.0,0.0,0.2968,0.638,0.0652
2.0,3.0,3.0,3.0,0.344,0.5962,0.0598
2.0,3.0,3.0,2.0,0.298,0.6346,0.0674
2.0,2.0,3.0,0.0,0.2808,0.658,0.0612
2.0,2.0,3.0,3.0,0.2906,0.6534,0.056
2.0,2.0,3.0,2.0,0.3454,0.6,0.0546
2.0,1.0,3.0,2.0,0.305,0.6324,0.0626
2.0,0.0,4.0,3.0,0.2814,0.6618,0.0568
2.0,0.0,4.0,1.0,0.2742,0.67,0.0558
2.0,0.0,4.0,0.0,0.3156,0.6346,0.0498
2.0,3.0,4.0,3.0,0.326,0.6192,0.0548
2.0,3.0,4.0,1.0,0.2788,0.6616,0.0596
2.0,3.0,4.0,0.0,0.279,0.6638,0.0572
2.0,2.0,4.0,1.0,0.2902,0.6486,0.0612
2.0,2.0,4.0,0.0,0.263,0.6736,0.0634
2.0,1.0,4.0,0.0,0.2764,0.6624,0.0612
2.0,0.0,5.0,2.0,0.3004,0.6338,0.0658
2.0,0.0,5.0,1.0,0.3228,0.619,0.0582
2.0,0.0,5.0,0.0,0.348,0.5916,0.0604
2.0,3.0,5.0,2.0,0.312,0.623,0.065
2.0,3.0,5.0,1.0,0.3142,0.6246,0.0612
2.0,3.0,5.0,0.0,0.3096,0.6304,0.06
2.0,0.0,6.0,0.0,0.3398,0.6014,0.0588
2.0,0.0,6.0,3.0,0.3072,0.6338,0.059
2.0,0.0,6.0,1.0,0.316,0.6238,0.0602
2.0,0.0,6.0,2.0,0.309,0.6284,0.0626
2.0,3.0,6.0,0.0,0.3192,0.6208,0.06
2.0,3.0,6.0,3.0,0.3568,0.5842,0.059
2.0,3.0,6.0,1.0,0.319,0.62,0.061
2.0,3.0,6.0,2.0,0.315,0.619,0.066
2.0,2.0,6.0,1.0,0.3148,0.6286,0.0566
2.0,2.0,6.0,2.0,0.3542,0.5874,0.0584
2.0,1.0,6.0,2.0,0.3294,0.6108,0.0598
2.0,0.0,7.0,2.0,0.328,0.622,0.05
2.0,0.0,7.0,0.0,0.36,0.5812,0.0588
2.0,0.0,7.0,3.0,0.3278,0.6124,0.0598
2.0,0.0,7.0,1.0,0.3252,0.6192,0.0556
2.0,3.0,7.0,2.0,0.338,0.601,0.061
2.0,3.0,7.0,0.0,0.3204,0.6192,0.0604
2.0,3.0,7.0,3.0,0.3678,0.5778,0.0544
2.0,3.0,7.0,1.0,0.3326,0.6114,0.056
2.0,2.0,7.0,0.0,0.3214,0.6214,0.0572
2.0,2.0,7.0,3.0,0.324,0.6138,0.0622
2.0,2.0,7.0,1.0,0.335,0.6032,0.0618
2.0,0.0,8.0,1.0,0.3424,0.6074,0.0502
2.0,0.0,8.0,3.0,0.3374,0.604,0.0586
2.0,3.0,8.0,1.0,0.3434,0.5988,0.0578
2.0,3.0,8.0,3.0,0.3944,0.5524,0.0532
2.0,2.0,8.0,1.0,0.3478,0.5934,0.0588
2.0,2.0,8.0,3.0,0.3552,0.594,0.0508
2.0,0.0,9.0,0.0,0.3966,0.5536,0.0498
2.0,0.0,9.0,3.0,0.3722,0.5708,0.057
2.0,3.0,9.0,0.0,0.3732,0.573,0.0538
2.0,3.0,9.0,3.0,0.4162,0.5366,0.0472
2.0,0.0,10.0,3.0,0.3972,0.5548,0.048
2.0,0.0,10.0,1.0,0.396,0.5544,0.0496
2.0,0.0,10.0,2.0,0.4052,0.544,0.0508
2.0,0.0,10.0,0.0,0.4292,0.52,0.0508
2.0,3.0,10.0,3.0,0.4274,0.5212,0.0514
2.0,3.0,10.0,1.0,0.4044,0.5502,0.0454
2.0,3.0,10.0,2.0,0.4048,0.548,0.0472
2.0,3.0,10.0,0.0,0.3966,0.5494,0.054
2.0,2.0,10.0,1.0,0.3992,0.5486,0.0522
2.0,2.0,10.0,2.0,0.4448,0.5074,0.0478
2.0,2.0,10.0,0.0,0.3904,0.5564,0.0532
2.0,0.0,11.0,1.0,0.4266,0.5262,0.0472
2.0,0.0,11.0,0.0,0.4466,0.5022,0.0512
2.0,0.0,11.0,3.0,0.4204,0.5376,0.042
2.0,3.0,11.0,1.0,0.4248,0.5298,0.0454
2.0,3.0,11.0,0.0,0.4292,0.5296,0.0412
2.0,3.0,11.0,3.0,0.4646,0.493,0.0424
2.0,2.0,11.0,0.0,0.4396,0.5138,0.0466
2.0,2.0,11.0,3.0,0.4268,0.5292,0.044
2.0,1.0,11.0,0.0,0.4074,0.5442,0.0484
2.0,1.0,11.0,3.0,0.4264,0.5282,0.0454
2.0,0.0,12.0,1.0,0.4604,0.4882,0.0514
2.0,0.0,12.0,0.0,0.449,0.5192,0.0318
2.0,0.0,12.0,2.0,0.4274,0.5404,0.0322
2.0,0.0,12.0,3.0,0.4212,0.5444,0.0344
2.0,3.0,12.0,1.0,0.4596,0.4932,0.0472
2.0,3.0,12.0,0.0,0.4248,0.5392,0.036
2.0,3.0,12.0,2.0,0.4316,0.5334,0.035
2.0,3.0,12.0,3.0,0.4628,0.5072,0.03
2.0,2.0,12.0,0.0,0.4322,0.5264,0.0414
2.0,2.0,12.0,2.0,0.4718,0.4988,0.0294
2.0,2.0,12.0,3.0,0.4316,0.5296,0.0388
2.0,1.0,12.0,2.0,0.4312,0.5392,0.0296
2.0,1.0,12.0,3.0,0.4218,0.543,0.0352
2.0,0.0,13.0,2.0,0.4854,0.4688,0.0458
2.0,0.0,13.0,0.0,0.5156,0.4492,0.0352
2.0,0.0,13.0,3.0,0.5026,0.456,0.0414
2.0,0.0,13.0,1.0,0.4898,0.4656,0.0446
2.0,3.0,13.0,2.0,0.4836,0.4704,0.046
2.0,3.0,13.0,0.0,0.4896,0.4708,0.0396
2.0,3.0,13.0,3.0,0.523,0.4376,0.0394
2.0,3.0,13.0,1.0,0.491,0.464,0.045
2.0,2.0,13.0,1.0,0.4866,0.4618,0.0516
2.0,1.0,13.0,1.0,0.5046,0.4612,0.0342
2.0,0.0,14.0,0.0,0.5406,0.421,0.0384
2.0,0.0,14.0,2.0,0.5322,0.423,0.0448
2.0,0.0,14.0,1.0,0.526,0.4332,0.0408
2.0,3.0,14.0,2.0,0.5334,0.426,0.0406
2.0,3.0,14.0,1.0,0.52,0.4378,0.0422
2.0,2.0,14.0,1.0,0.5366,0.4224,0.041
2.0,1.0,14.0,1.0,0.5434,0.4148,0.0418
3.0,1.0,2.0,0.0,0.2986,0.6368,0.0646
3.0,1.0,2.0,3.0,0.2908,0.6492,0.06
3.0,1.0,2.0,2.0,0.2944,0.6448,0.0608
3.0,1.0,2.0,1.0,0.3224,0.6224,0.0552
3.0,0.0,2.0,1.0,0.2922,0.6456,0.0622
3.0,3.0,2.0,1.0,0.2952,0.6454,0.0594
3.0,1.0,3.0,0.0,0.5226,0.4616,0.0158
3.0,1.0,3.0,3.0,0.5146,0.4714,0.014
3.0,1.0,3.0,2.0,0.5372,0.4486,0.0142
3.0,0.0,3.0,3.0,0.531,0.4504,0.0186
3.0,0.0,3.0,2.0,0.539,0.445,0.016
3.0,3.0,3.0,2.0,0.5328,0.4532,0.014
3.0,1.0,4.0,2.0,0.2916,0.6534,0.055
3.0,1.0,4.0,3.0,0.303,0.641,0.056
3.0,1.0,4.0,1.0,0.3306,0.6148,0.0546
3.0,1.0,4.0,0.0,0.307,0.6322,0.0608
3.0,0.0,4.0,0.0,0.3536,0.5938,0.0526
3.0,3.0,4.0,0.0,0.3064,0.641,0.0526
3.0,1.0,5.0,3.0,0.334,0.6016,0.0644
3.0,1.0,5.0,2.0,0.3378,0.5986,0.0636
3.0,1.0,5.0,1.0,0.3496,0.5908,0.0596
3.0,1.0,5.0,0.0,0.3362,0.5934,0.0704
3.0,1.0,6.0,0.0,0.3314,0.6092,0.0594
3.0,1.0,6.0,3.0,0.341,0.5954,0.0636
3.0,1.0,6.0,1.0,0.3726,0.5702,0.0572
3.0,1.0,6.0,2.0,0.3484,0.5924,0.0592
3.0,0.0,6.0,2.0,0.3358,0.6024,0.0618
3.0,3.0,6.0,2.0,0.3374,0.5984,0.0642
3.0,1.0,7.0,2.0,0.3352,0.6046,0.0602
3.0,1.0,7.0,0.0,0.3452,0.5956,0.0592
3.0,1.0,7.0,3.0,0.3384,0.6016,0.06
3.0,1.0,7.0,1.0,0.384,0.566,0.05
3.0,1.0,8.0,0.0,0.3584,0.585,0.0566
3.0,1.0,8.0,2.0,0.3602,0.5824,0.0574
3.0,1.0,8.0,1.0,0.386,0.5642,0.0498
3.0,1.0,8.0,3.0,0.3568,0.5872,0.056
3.0,1.0,9.0,1.0,0.4068,0.5438,0.0494
3.0,1.0,9.0,0.0,0.3734,0.5782,0.0484
3.0,1.0,9.0,3.0,0.3768,0.5696,0.0536
3.0,1.0,10.0,3.0,0.4268,0.522,0.0512
3.0,1.0,10.0,1.0,0.427,0.5332,0.0398
3.0,1.0,10.0,2.0,0.4232,0.53,0.0468
3.0,1.0,10.0,0.0,0.4144,0.5348,0.0508
3.0,1.0,11.0,2.0,0.444,0.5104,0.0456
3.0,1.0,11.0,1.0,0.463,0.4936,0.0434
3.0,1.0,11.0,0.0,0.4282,0.5282,0.0436
3.0,1.0,11.0,3.0,0.4432,0.5058,0.051
3.0,0.0,11.0,0.0,0.4602,0.5014,0.0384
3.0,0.0,11.0,3.0,0.4358,0.517,0.0472
3.0,3.0,11.0,0.0,0.4348,0.5164,0.0488
3.0,3.0,11.0,3.0,0.4738,0.481,0.0452
3.0,1.0,12.0,1.0,0.4954,0.4614,0.0432
3.0,1.0,12.0,0.0,0.4446,0.5196,0.0358
3.0,1.0,12.0,2.0,0.438,0.529,0.033
3.0,1.0,12.0,3.0,0.4308,0.535,0.0342
3.0,0.0,12.0,2.0,0.4442,0.5232,0.0326
3.0,0.0,12.0,3.0,0.4374,0.53,0.0326
3.0,3.0,12.0,2.0,0.4238,0.5406,0.0356
3.0,3.0,12.0,3.0,0.472,0.4982,0.0298
3.0,1.0,13.0,2.0,0.488,0.464,0.048
3.0,1.0,13.0,0.0,0.4926,0.461,0.0464
3.0,1.0,13.0,3.0,0.488,0.4632,0.0488
3.0,1.0,13.0,1.0,0.5258,0.4346,0.0396
3.0,0.0,13.0,1.0,0.5042,0.4542,0.0416
3.0,3.0,13.0,1.0,0.4908,0.4672,0.042
3.0,1.0,14.0,0.0,0.5512,0.4106,0.0382
3.0,1.0,14.0,2.0,0.5344,0.4258,0.0398
3.0,1.0,14.0,1.0,0.5626,0.402,0.0354
3.0,0.0,14.0,1.0,0.5424,0.4174,0.0402
3.0,3.0,14.0,1.0,0.5388,0.4188,0.0424
4.0,2.0,2.0,0.0,0.2772,0.667,0.0558
4.0,2.0,2.0,3.0,0.2814,0.6634,0.0552
4.0,2.0,2.0,2.0,0.3206,0.6258,0.0536
4.0,2.0,2.0,1.0,0.278,0.664,0.058
4.0,3.0,2.0,2.0,0.2654,0.6772,0.0574
4.0,3.0,2.0,1.0,0.2746,0.6668,0.0586
4.0,1.0,2.0,1.0,0.3108,0.6326,0.0566
4.0,2.0,3.0,0.0,0.3034,0.6316,0.065
4.0,2.0,3.0,3.0,0.303,0.6388,0.0582
4.0,2.0,3.0,2.0,0.3374,0.6076,0.055
4.0,3.0,3.0,0.0,0.3044,0.6346,0.061
4.0,3.0,3.0,3.0,0.3394,0.6036,0.057
4.0,3.0,3.0,2.0,0.2882,0.647,0.0648
4.0,1.0,3.0,0.0,0.3064,0.6272,0.0664
4.0,1.0,3.0,3.0,0.2938,0.653,0.0532
4.0,1.0,3.0,2.0,0.3018,0.6396,0.0586
4.0,0.0,3.0,2.0,0.312,0.6286,0.0594
4.0,2.0,4.0,3.0,0.5212,0.4612,0.0176
4.0,2.0,4.0,1.0,0.5258,0.4622,0.012
4.0,2.0,4.0,0.0,0.5128,0.4702,0.017
4.0,3.0,4.0,1.0,0.5322,0.4528,0.015
4.0,3.0,4.0,0.0,0.5472,0.4322,0.0206
4.0,1.0,4.0,0.0,0.5154,0.4692,0.0154
4.0,2.0,5.0,3.0,0.3282,0.6116,0.0602
4.0,2.0,5.0,2.0,0.3764,0.5696,0.054
4.0,2.0,5.0,1.0,0.3196,0.6142,0.0662
4.0,2.0,5.0,0.0,0.3302,0.6148,0.055
4.0,3.0,5.0,2.0,0.3302,0.6144,0.0554
4.0,3.0,5.0,1.0,0.3258,0.6146,0.0596
4.0,3.0,5.0,0.0,0.3314,0.6138,0.0548
4.0,2.0,6.0,0.0,0.3442,0.5968,0.059
4.0,2.0,6.0,3.0,0.3322,0.6114,0.0564
4.0,2.0,6.0,1.0,0.3304,0.6088,0.0608
4.0,2.0,6.0,2.0,0.3794,0.5696,0.051
4.0,3.0,6.0,0.0,0.329,0.6168,0.0542
4.0,3.0,6.0,3.0,0.36,0.5852,0.0548
4.0,3.0,6.0,1.0,0.329,0.6136,0.0574
4.0,3.0,6.0,2.0,0.3296,0.6152,0.0552
4.0,1.0,6.0,2.0,0.3156,0.6204,0.064
4.0,0.0,6.0,2.0,0.3282,0.613,0.0588
4.0,2.0,7.0,2.0,0.3896,0.5596,0.0508
4.0,2.0,7.0,0.0,0.3368,0.6092,0.054
4.0,2.0,7.0,3.0,0.3326,0.613,0.0544
4.0,2.0,7.0,1.0,0.3308,0.617,0.0522
4.0,3.0,7.0,2.0,0.339,0.6038,0.0572
4.0,3.0,7.0,0.0,0.3312,0.6128,0.056
4.0,3.0,7.0,3.0,0.387,0.5568,0.0562
4.0,3.0,7.0,1.0,0.3268,0.6202,0.053
4.0,2.0,8.0,0.0,0.3482,0.5992,0.0526
4.0,2.0,8.0,2.0,0.3898,0.5632,0.047
4.0,2.0,8.0,1.0,0.3398,0.6046,0.0556
4.0,2.0,8.0,3.0,0.3534,0.5948,0.0518
4.0,3.0,8.0,1.0,0.3434,0.6052,0.0514
4.0,3.0,8.0,3.0,0.3882,0.5642,0.0476
4.0,1.0,8.0,3.0,0.338,0.6048,0.0572
4.0,2.0,9.0,1.0,0.3524,0.5974,0.0502
4.0,2.0,9.0,0.0,0.3608,0.5848,0.0544
4.0,2.0,9.0,3.0,0.3514,0.5978,0.0508
4.0,3.0,9.0,0.0,0.3582,0.5902,0.0516
4.0,3.0,9.0,3.0,0.3908,0.561,0.0482
4.0,2.0,10.0,3.0,0.392,0.5634,0.0446
4.0,2.0,10.0,1.0,0.3894,0.5598,0.0508
4.0,2.0,10.0,2.0,0.4318,0.517,0.0512
4.0,2.0,10.0,0.0,0.3834,0.5672,0.0494
4.0,3.0,10.0,3.0,0.4324,0.521,0.0466
4.0,3.0,10.0,1.0,0.3912,0.5578,0.051
4.0,3.0,10.0,2.0,0.405,0.5468,0.0482
4.0,3.0,10.0,0.0,0.3816,0.5702,0.0482
4.0,1.0,10.0,2.0,0.3824,0.566,0.0516
4.0,1.0,10.0,0.0,0.3824,0.57,0.0476
4.0,2.0,11.0,2.0,0.453,0.5022,0.0448
4.0,2.0,11.0,1.0,0.4204,0.5304,0.0492
4.0,2.0,11.0,0.0,0.432,0.5244,0.0436
4.0,2.0,11.0,3.0,0.425,0.5256,0.0494
4.0,3.0,11.0,1.0,0.4254,0.5304,0.0442
4.0,3.0,11.0,0.0,0.421,0.5354,0.0436
4.0,3.0,11.0,3.0,0.4614,0.4956,0.043
4.0,1.0,11.0,0.0,0.4184,0.5362,0.0454
4.0,1.0,11.0,3.0,0.4008,0.5508,0.0484
4.0,0.0,11.0,0.0,0.4526,0.4994,0.048
4.0,0.0,11.0,3.0,0.4194,0.5368,0.0438
4.0,2.0,12.0,1.0,0.4174,0.5348,0.0478
4.0,2.0,12.0,0.0,0.417,0.5474,0.0356
4.0,2.0,12.0,2.0,0.462,0.5072,0.0308
4.0,2.0,12.0,3.0,0.4246,0.541,0.0344
4.0,3.0,12.0,1.0,0.4472,0.5042,0.0486
4.0,3.0,12.0,0.0,0.4132,0.5532,0.0336
4.0,3.0,12.0,2.0,0.4236,0.5448,0.0316
4.0,3.0,12.0,3.0,0.4618,0.504,0.0342
4.0,1.0,12.0,0.0,0.4206,0.5472,0.0322
4.0,1.0,12.0,2.0,0.4216,0.5448,0.0336
4.0,1.0,12.0,3.0,0.411,0.555,0.034
4.0,0.0,12.0,2.0,0.4122,0.5572,0.0306
4.0,0.0,12.0,3.0,0.403,0.5596,0.0374
4.0,2.0,13.0,2.0,0.505,0.4518,0.0432
4.0,2.0,13.0,0.0,0.4802,0.475,0.0448
4.0,2.0,13.0,3.0,0.489,0.4646,0.0464
4.0,2.0,13.0,1.0,0.4794,0.4766,0.044
4.0,3.0,13.0,2.0,0.4738,0.4834,0.0428
4.0,3.0,13.0,0.0,0.4614,0.496,0.0426
4.0,3.0,13.0,3.0,0.5216,0.435,0.0434
4.0,3.0,13.0,1.0,0.4836,0.468,0.0484
4.0,1.0,13.0,1.0,0.5022,0.4608,0.037
4.0,0.0,13.0,1.0,0.4842,0.4714,0.0444
4.0,2.0,14.0,0.0,0.535,0.4258,0.0392
4.0,2.0,14.0,2.0,0.5538,0.4024,0.0438
4.0,2.0,14.0,1.0,0.5218,0.4408,0.0374
4.0,3.0,14.0,2.0,0.5274,0.4344,0.0382
4.0,3.0,14.0,1.0,0.5336,0.4232,0.0432
4.0,1.0,14.0,1.0,0.5466,0.4126,0.0408
4.0,0.0,14.0,1.0,0.53,0.4268,0.0432
5.0,3.0,2.0,0.0,0.3088,0.6286,0.0626
5.0,3.0,2.0,3.0,0.351,0.586,0.063
5.0,3.0,2.0,2.0,0.3088,0.624,0.0672
5.0,3.0,2.0,1.0,0.3126,0.629,0.0584
5.0,2.0,2.0,2.0,0.3574,0.585,0.0576
5.0,2.0,2.0,1.0,0.3156,0.614,0.0704
5.0,1.0,2.0,2.0,0.3138,0.6164,0.0698
5.0,1.0,2.0,1.0,0.3494,0.5894,0.0612
5.0,0.0,2.0,2.0,0.3098,0.6296,0.0606
5.0,0.0,2.0,1.0,0.3132,0.6264,0.0604
5.0,3.0,3.0,0.0,0.3352,0.6046,0.0602
5.0,3.0,3.0,3.0,0.372,0.5648,0.0632
5.0,3.0,3.0,2.0,0.3354,0.6002,0.0644
5.0,2.0,3.0,0.0,0.3388,0.5924,0.0688
5.0,2.0,3.0,3.0,0.3356,0.6008,0.0636
5.0,2.0,3.0,2.0,0.3754,0.573,0.0516
5.0,1.0,3.0,0.0,0.3278,0.6138,0.0584
5.0,1.0,3.0,3.0,0.3408,0.597,0.0622
5.0,1.0,3.0,2.0,0.3306,0.6074,0.062
5.0,0.0,3.0,0.0,0.3704,0.5752,0.0544
5.0,0.0,3.0,3.0,0.3354,0.6032,0.0614
5.0,0.0,3.0,2.0,0.3336,0.603,0.0634
5.0,3.0,4.0,3.0,0.3674,0.5868,0.0458
5.0,3.0,4.0,1.0,0.3468,0.5942,0.059
5.0,3.0,4.0,0.0,0.3342,0.6064,0.0594
5.0,2.0,4.0,1.0,0.3362,0.6028,0.061
5.0,2.0,4.0,0.0,0.325,0.6108,0.0642
5.0,1.0,4.0,1.0,0.3468,0.5962,0.057
5.0,1.0,4.0,0.0,0.3356,0.6026,0.0618
5.0,0.0,4.0,1.0,0.3152,0.6234,0.0614
5.0,0.0,4.0,0.0,0.3676,0.5772,0.0552
5.0,3.0,5.0,2.0,0.5818,0.4046,0.0136
5.0,3.0,5.0,1.0,0.5922,0.3936,0.0142
5.0,3.0,5.0,0.0,0.5776,0.41,0.0124
5.0,2.0,5.0,1.0,0.5984,0.3872,0.0144
5.0,2.0,5.0,0.0,0.5908,0.396,0.0132
5.0,1.0,5.0,0.0,0.588,0.3958,0.0162
5.0,3.0,6.0,0.0,0.3676,0.5696,0.0628
5.0,3.0,6.0,3.0,0.405,0.5318,0.0632
5.0,3.0,6.0,1.0,0.3684,0.575,0.0566
5.0,3.0,6.0,2.0,0.3772,0.5636,0.0592
5.0,2.0,6.0,0.0,0.3732,0.5664,0.0604
5.0,2.0,6.0,3.0,0.3658,0.5742,0.06
5.0,2.0,6.0,1.0,0.3758,0.564,0.0602
5.0,2.0,6.0,2.0,0.4048,0.5392,0.056
5.0,1.0,6.0,0.0,0.3736,0.569,0.0574
5.0,1.0,6.0,3.0,0.3764,0.567,0.0566
5.0,1.0,6.0,1.0,0.3974,0.5492,0.0534
5.0,1.0,6.0,2.0,0.3668,0.572,0.0612
5.0,0.0,6.0,3.0,0.3688,0.5728,0.0584
5.0,0.0,6.0,1.0,0.3608,0.575,0.0642
5.0,0.0,6.0,2.0,0.3668,0.5706,0.0626
5.0,3.0,7.0,2.0,0.3784,0.5664,0.0552
5.0,3.0,7.0,0.0,0.3806,0.5638,0.0556
5.0,3.0,7.0,3.0,0.4138,0.5278,0.0584
5.0,3.0,7.0,1.0,0.3894,0.555,0.0556
5.0,2.0,7.0,0.0,0.3756,0.5648,0.0596
5.0,2.0,7.0,3.0,0.3712,0.569,0.0598
5.0,2.0,7.0,1.0,0.378,0.5626,0.0594
5.0,1.0,7.0,0.0,0.3832,0.5602,0.0566
5.0,1.0,7.0,3.0,0.3806,0.561,0.0584
5.0,1.0,7.0,1.0,0.4038,0.5398,0.0564
5.0,0.0,7.0,0.0,0.4066,0.5306,0.0628
5.0,0.0,7.0,3.0,0.3788,0.5616,0.0596
5.0,0.0,7.0,1.0,0.3852,0.5572,0.0576
5.0,3.0,8.0,1.0,0.4004,0.5478,0.0518
5.0,3.0,8.0,3.0,0.44,0.5068,0.0532
5.0,2.0,8.0,1.0,0.3942,0.549,0.0568
5.0,2.0,8.0,3.0,0.4028,0.5378,0.0594
5.0,1.0,8.0,1.0,0.4184,0.528,0.0536
5.0,1.0,8.0,3.0,0.4002,0.5474,0.0524
5.0,0.0,8.0,1.0,0.3936,0.5524,0.054
5.0,0.0,8.0,3.0,0.4,0.5412,0.0588
5.0,3.0,9.0,1.0,0.4268,0.5232,0.05
5.0,3.0,9.0,0.0,0.4046,0.544,0.0514
5.0,3.0,9.0,3.0,0.4482,0.5082,0.0436
5.0,2.0,9.0,3.0,0.403,0.5426,0.0544
5.0,1.0,9.0,3.0,0.3974,0.553,0.0496
5.0,0.0,9.0,3.0,0.3982,0.5502,0.0516
5.0,3.0,10.0,3.0,0.4632,0.4982,0.0386
5.0,3.0,10.0,1.0,0.4356,0.5178,0.0466
5.0,3.0,10.0,2.0,0.4432,0.5106,0.0462
5.0,3.0,10.0,0.0,0.4306,0.5236,0.0458
5.0,2.0,10.0,3.0,0.4372,0.5128,0.05
5.0,2.0,10.0,1.0,0.415,0.5358,0.0492
5.0,2.0,10.0,2.0,0.468,0.4842,0.0478
5.0,2.0,10.0,0.0,0.425,0.5214,0.0536
5.0,1.0,10.0,3.0,0.428,0.5208,0.0512
5.0,1.0,10.0,1.0,0.4454,0.516,0.0386
5.0,1.0,10.0,2.0,0.4302,0.5242,0.0456
5.0,1.0,10.0,0.0,0.4232,0.527,0.0498
5.0,0.0,10.0,3.0,0.4256,0.531,0.0434
5.0,0.0,10.0,1.0,0.4196,0.5296,0.0508
5.0,0.0,10.0,2.0,0.4246,0.5266,0.0488
5.0,0.0,10.0,0.0,0.4542,0.5042,0.0416
5.0,3.0,11.0,1.0,0.4626,0.4926,0.0448
5.0,3.0,11.0,0.0,0.4516,0.4968,0.0516
5.0,3.0,11.0,3.0,0.4962,0.4628,0.041
5.0,2.0,11.0,1.0,0.4568,0.4962,0.047
5.0,2.0,11.0,0.0,0.4596,0.4942,0.0462
5.0,2.0,11.0,3.0,0.4684,0.4892,0.0424
5.0,1.0,11.0,1.0,0.4926,0.4568,0.0506
5.0,1.0,11.0,0.0,0.4556,0.4942,0.0502
5.0,1.0,11.0,3.0,0.4578,0.4938,0.0484
5.0,0.0,11.0,0.0,0.4722,0.4858,0.042
5.0,0.0,11.0,3.0,0.4602,0.4946,0.0452
5.0,3.0,12.0,1.0,0.4782,0.475,0.0468
5.0,3.0,12.0,0.0,0.4488,0.5152,0.036
5.0,3.0,12.0,2.0,0.4646,0.5004,0.035
5.0,3.0,12.0,3.0,0.49,0.4754,0.0346
5.0,2.0,12.0,0.0,0.4528,0.514,0.0332
5.0,2.0,12.0,2.0,0.495,0.4716,0.0334
5.0,2.0,12.0,3.0,0.451,0.515,0.034
5.0,1.0,12.0,0.0,0.4502,0.5208,0.029
5.0,1.0,12.0,2.0,0.4632,0.505,0.0318
5.0,1.0,12.0,3.0,0.4524,0.519,0.0286
5.0,0.0,12.0,0.0,0.459,0.5064,0.0346
5.0,0.0,12.0,2.0,0.4572,0.5074,0.0354
5.0,0.0,12.0,3.0,0.4492,0.518,0.0328
5.0,3.0,13.0,2.0,0.5176,0.4324,0.05
5.0,3.0,13.0,0.0,0.5288,0.4276,0.0436
5.0,3.0,13.0,3.0,0.5468,0.4158,0.0374
5.0,3.0,13.0,1.0,0.5072,0.4484,0.0444
5.0,2.0,13.0,2.0,0.5304,0.4304,0.0392
5.0,2.0,13.0,0.0,0.5078,0.4526,0.0396
5.0,2.0,13.0,3.0,0.5178,0.4398,0.0424
5.0,2.0,13.0,1.0,0.5122,0.4456,0.0422
5.0,1.0,13.0,2.0,0.5158,0.44,0.0442
5.0,1.0,13.0,0.0,0.5062,0.453,0.0408
5.0,1.0,13.0,3.0,0.5226,0.437,0.0404
5.0,1.0,13.0,1.0,0.5356,0.4236,0.0408
5.0,0.0,13.0,0.0,0.546,0.4114,0.0426
5.0,0.0,13.0,3.0,0.5178,0.4444,0.0378
5.0,0.0,13.0,1.0,0.5124,0.4458,0.0418
5.0,3.0,14.0,0.0,0.5708,0.3928,0.0364
5.0,3.0,14.0,2.0,0.5544,0.4034,0.0422
5.0,3.0,14.0,1.0,0.5654,0.3956,0.039
5.0,2.0,14.0,2.0,0.5792,0.3798,0.041
5.0,2.0,14.0,1.0,0.5646,0.4002,0.0352
5.0,1.0,14.0,2.0,0.5552,0.403,0.0418
5.0,1.0,14.0,1.0,0.577,0.3874,0.0356
5.0,0.0,14.0,1.0,0.5592,0.402,0.0388
6.0,0.0,2.0,2.0,0.3134,0.6166,0.07
6.0,0.0,2.0,1.0,0.3144,0.624,0.0616
6.0,3.0,2.0,2.0,0.3104,0.631,0.0586
6.0,3.0,2.0,1.0,0.3286,0.6062,0.0652
6.0,1.0,2.0,1.0,0.344,0.5926,0.0634
6.0,0.0,3.0,0.0,0.3544,0.5864,0.0592
6.0,0.0,3.0,3.0,0.3388,0.5966,0.0646
6.0,0.0,3.0,2.0,0.33,0.6086,0.0614
6.0,3.0,3.0,0.0,0.3296,0.609,0.0614
6.0,3.0,3.0,3.0,0.3714,0.5672,0.0614
6.0,3.0,3.0,2.0,0.33,0.6054,0.0646
6.0,1.0,3.0,0.0,0.3408,0.5972,0.062
6.0,1.0,3.0,3.0,0.3336,0.603,0.0634
6.0,1.0,3.0,2.0,0.3318,0.6084,0.0598
6.0,2.0,3.0,2.0,0.3762,0.5696,0.0542
6.0,0.0,4.0,1.0,0.319,0.6214,0.0596
6.0,0.0,4.0,0.0,0.3638,0.5758,0.0604
6.0,3.0,4.0,1.0,0.3222,0.6162,0.0616
6.0,3.0,4.0,0.0,0.3312,0.6106,0.0582
6.0,1.0,4.0,1.0,0.357,0.5874,0.0556
6.0,1.0,4.0,0.0,0.3262,0.6168,0.057
6.0,0.0,5.0,0.0,0.3912,0.5496,0.0592
6.0,0.0,6.0,3.0,0.6418,0.346,0.0122
6.0,0.0,6.0,1.0,0.6274,0.357,0.0156
6.0,0.0,6.0,2.0,0.6296,0.3566,0.0138
6.0,3.0,6.0,1.0,0.6252,0.3604,0.0144
6.0,3.0,6.0,2.0,0.6146,0.3734,0.012
6.0,1.0,6.0,2.0,0.626,0.3614,0.0126
6.0,0.0,7.0,0.0,0.4336,0.515,0.0514
6.0,0.0,7.0,3.0,0.4132,0.5344,0.0524
6.0,0.0,7.0,1.0,0.406,0.5406,0.0534
6.0,3.0,7.0,0.0,0.4116,0.5322,0.0562
6.0,3.0,7.0,3.0,0.4482,0.501,0.0508
6.0,3.0,7.0,1.0,0.3896,0.5544,0.056
6.0,1.0,7.0,1.0,0.4236,0.52,0.0564
6.0,0.0,8.0,1.0,0.413,0.534,0.053
6.0,0.0,8.0,3.0,0.4114,0.5308,0.0578
6.0,3.0,8.0,1.0,0.4118,0.5314,0.0568
6.0,3.0,8.0,3.0,0.462,0.4894,0.0486
6.0,1.0,8.0,1.0,0.4302,0.514,0.0558
6.0,1.0,8.0,3.0,0.4166,0.5362,0.0472
6.0,0.0,9.0,3.0,0.4312,0.524,0.0448
6.0,0.0,10.0,3.0,0.4312,0.5244,0.0444
6.0,0.0,10.0,1.0,0.4416,0.5122,0.0462
6.0,0.0,10.0,2.0,0.4558,0.4972,0.047
6.0,0.0,10.0,0.0,0.4694,0.4902,0.0404
6.0,3.0,10.0,1.0,0.4442,0.5098,0.046
6.0,3.0,10.0,2.0,0.4458,0.5076,0.0466
6.0,3.0,10.0,0.0,0.4264,0.5206,0.053
6.0,1.0,10.0,1.0,0.4748,0.4794,0.0458
6.0,1.0,10.0,2.0,0.4496,0.5006,0.0498
6.0,1.0,10.0,0.0,0.4566,0.502,0.0414
6.0,0.0,11.0,0.0,0.4882,0.4728,0.039
6.0,0.0,11.0,3.0,0.4774,0.4796,0.043
6.0,3.0,11.0,0.0,0.4552,0.4992,0.0456
6.0,3.0,11.0,3.0,0.5022,0.4594,0.0384
6.0,1.0,11.0,0.0,0.4704,0.483,0.0466
6.0,1.0,11.0,3.0,0.4704,0.4872,0.0424
6.0,0.0,12.0,0.0,0.4972,0.473,0.0298
6.0,0.0,12.0,2.0,0.4694,0.4998,0.0308
6.0,0.0,12.0,3.0,0.464,0.5048,0.0312
6.0,3.0,12.0,0.0,0.4676,0.5,0.0324
6.0,3.0,12.0,2.0,0.4768,0.4874,0.0358
6.0,3.0,12.0,3.0,0.5046,0.4628,0.0326
6.0,1.0,12.0,0.0,0.4634,0.5,0.0366
6.0,1.0,12.0,2.0,0.4724,0.4932,0.0344
6.0,1.0,12.0,3.0,0.4736,0.49,0.0364
6.0,0.0,13.0,0.0,0.5442,0.4202,0.0356
6.0,0.0,13.0,3.0,0.522,0.4364,0.0416
6.0,0.0,13.0,1.0,0.5378,0.422,0.0402
6.0,3.0,13.0,0.0,0.5118,0.4466,0.0416
6.0,3.0,13.0,3.0,0.5492,0.4094,0.0414
6.0,3.0,13.0,1.0,0.5234,0.4384,0.0382
6.0,1.0,13.0,1.0,0.5486,0.4144,0.037
6.0,0.0,14.0,1.0,0.5624,0.4014,0.0362
6.0,3.0,14.0,1.0,0.5616,0.3984,0.04
6.0,1.0,14.0,1.0,0.5716,0.3874,0.041
7.0,2.0,2.0,2.0,0.3708,0.5734,0.0558
7.0,2.0,2.0,1.0,0.3248,0.6178,0.0574
7.0,0.0,2.0,1.0,0.3318,0.6112,0.057
7.0,3.0,2.0,1.0,0.3356,0.6042,0.0602
7.0,1.0,2.0,1.0,0.3684,0.578,0.0536
7.0,2.0,3.0,0.0,0.3432,0.596,0.0608
7.0,2.0,3.0,3.0,0.3452,0.5994,0.0554
7.0,2.0,3.0,2.0,0.3938,0.5536,0.0526
7.0,0.0,3.0,0.0,0.3626,0.5814,0.056
7.0,0.0,3.0,3.0,0.3444,0.5926,0.063
7.0,0.0,3.0,2.0,0.3524,0.5868,0.0608
7.0,3.0,3.0,0.0,0.3364,0.602,0.0616
7.0,3.0,3.0,3.0,0.3846,0.5634,0.052
7.0,3.0,3.0,2.0,0.35,0.5942,0.0558
7.0,1.0,3.0,0.0,0.338,0.5994,0.0626
7.0,1.0,3.0,3.0,0.3384,0.6016,0.06
7.0,1.0,3.0,2.0,0.3432,0.596,0.0608
7.0,2.0,4.0,1.0,0.338,0.6088,0.0532
7.0,2.0,4.0,0.0,0.33,0.6066,0.0634
7.0,0.0,4.0,1.0,0.3272,0.6174,0.0554
7.0,0.0,4.0,0.0,0.3798,0.567,0.0532
7.0,3.0,4.0,1.0,0.345,0.5992,0.0558
7.0,3.0,4.0,0.0,0.3262,0.6178,0.056
7.0,1.0,4.0,1.0,0.3678,0.5756,0.0566
7.0,1.0,4.0,0.0,0.3382,0.6104,0.0514
7.0,2.0,5.0,2.0,0.4164,0.5332,0.0504
7.0,2.0,5.0,1.0,0.3762,0.5662,0.0576
7.0,2.0,5.0,0.0,0.3782,0.5682,0.0536
7.0,2.0,6.0,0.0,0.4104,0.5346,0.055
7.0,2.0,6.0,3.0,0.4194,0.531,0.0496
7.0,2.0,6.0,1.0,0.4008,0.5496,0.0496
7.0,2.0,6.0,2.0,0.4362,0.5056,0.0582
7.0,0.0,6.0,1.0,0.4,0.5506,0.0494
7.0,0.0,6.0,2.0,0.4042,0.537,0.0588
7.0,3.0,6.0,1.0,0.396,0.5496,0.0544
7.0,3.0,6.0,2.0,0.3846,0.5562,0.0592
7.0,1.0,6.0,2.0,0.3886,0.5566,0.0548
7.0,2.0,7.0,0.0,0.6512,0.3384,0.0104
7.0,2.0,7.0,3.0,0.6584,0.333,0.0086
7.0,2.0,7.0,1.0,0.6636,0.3248,0.0116
7.0,0.0,7.0,3.0,0.6604,0.3298,0.0098
7.0,0.0,7.0,1.0,0.648,0.3418,0.0102
7.0,3.0,7.0,1.0,0.6614,0.3294,0.0092
7.0,2.0,8.0,1.0,0.4424,0.5084,0.0492
7.0,2.0,8.0,3.0,0.4562,0.5,0.0438
7.0,0.0,8.0,1.0,0.443,0.5092,0.0478
7.0,0.0,8.0,3.0,0.4324,0.5198,0.0478
7.0,3.0,8.0,1.0,0.4322,0.5206,0.0472
7.0,3.0,8.0,3.0,0.471,0.485,0.044
7.0,1.0,8.0,3.0,0.4384,0.5122,0.0494
7.0,2.0,9.0,0.0,0.436,0.521,0.043
7.0,2.0,9.0,3.0,0.4536,0.5042,0.0422
7.0,2.0,10.0,3.0,0.4458,0.5076,0.0466
7.0,2.0,10.0,1.0,0.4736,0.4838,0.0426
7.0,2.0,10.0,2.0,0.5078,0.4534,0.0388
7.0,2.0,10.0,0.0,0.4696,0.4854,0.045
7.0,0.0,10.0,1.0,0.468,0.4932,0.0388
7.0,0.0,10.0,2.0,0.4644,0.4954,0.0402
7.0,0.0,10.0,0.0,0.4928,0.465,0.0422
7.0,3.0,10.0,1.0,0.4768,0.4798,0.0434
7.0,3.0,10.0,2.0,0.4762,0.4838,0.04
7.0,3.0,10.0,0.0,0.454,0.4998,0.0462
7.0,1.0,10.0,2.0,0.4694,0.4838,0.0468
7.0,1.0,10.0,0.0,0.4622,0.4972,0.0406
7.0,2.0,11.0,1.0,0.4908,0.469,0.0402
7.0,2.0,11.0,0.0,0.4976,0.466,0.0364
7.0,2.0,11.0,3.0,0.4878,0.4724,0.0398
7.0,0.0,11.0,0.0,0.5036,0.4518,0.0446
7.0,0.0,11.0,3.0,0.4842,0.472,0.0438
7.0,3.0,11.0,0.0,0.5054,0.4538,0.0408
7.0,3.0,11.0,3.0,0.5298,0.4338,0.0364
7.0,1.0,11.0,0.0,0.472,0.491,0.037
7.0,1.0,11.0,3.0,0.5034,0.4604,0.0362
7.0,2.0,12.0,0.0,0.484,0.4832,0.0328
7.0,2.0,12.0,2.0,0.511,0.4596,0.0294
7.0,2.0,12.0,3.0,0.4838,0.4838,0.0324
7.0,0.0,12.0,0.0,0.4994,0.4718,0.0288
7.0,0.0,12.0,2.0,0.4842,0.4862,0.0296
7.0,0.0,12.0,3.0,0.4814,0.49,0.0286
7.0,3.0,12.0,0.0,0.4704,0.4934,0.0362
7.0,3.0,12.0,2.0,0.4856,0.4824,0.032
7.0,3.0,12.0,3.0,0.502,0.4678,0.0302
7.0,1.0,12.0,0.0,0.4692,0.4982,0.0326
7.0,1.0,12.0,2.0,0.4744,0.4944,0.0312
7.0,1.0,12.0,3.0,0.4824,0.4872,0.0304
7.0,2.0,13.0,2.0,0.5696,0.3934,0.037
7.0,2.0,13.0,0.0,0.5352,0.419,0.0458
7.0,2.0,13.0,3.0,0.5332,0.4278,0.039
7.0,2.0,13.0,1.0,0.5354,0.4284,0.0362
7.0,0.0,13.0,1.0,0.5358,0.4276,0.0366
7.0,3.0,13.0,1.0,0.5388,0.4248,0.0364
7.0,1.0,13.0,1.0,0.5586,0.4064,0.035
7.0,2.0,14.0,2.0,0.6036,0.3578,0.0386
7.0,2.0,14.0,1.0,0.5734,0.3908,0.0358
7.0,0.0,14.0,1.0,0.5812,0.3842,0.0346
7.0,3.0,14.0,1.0,0.5748,0.3884,0.0368
7.0,1.0,14.0,1.0,0.6016,0.3668,0.0316
8.0,0.0,2.0,0.0,0.3764,0.5662,0.0574
8.0,0.0,2.0,3.0,0.3564,0.589,0.0546
8.0,0.0,2.0,2.0,0.3538,0.5886,0.0576
8.0,0.0,2.0,1.0,0.3576,0.5826,0.0598
8.0,2.0,2.0,0.0,0.356,0.587,0.057
8.0,2.0,2.0,3.0,0.348,0.6056,0.0464
8.0,2.0,2.0,2.0,0.385,0.5588,0.0562
8.0,2.0,2.0,1.0,0.357,0.5856,0.0574
8.0,1.0,2.0,1.0,0.3728,0.568,0.0592
8.0,3.0,2.0,1.0,0.348,0.5944,0.0576
8.0,0.0,3.0,0.0,0.385,0.5568,0.0582
8.0,0.0,3.0,3.0,0.344,0.6038,0.0522
8.0,0.0,3.0,2.0,0.3642,0.5812,0.0546
8.0,2.0,3.0,0.0,0.361,0.5816,0.0574
8.0,2.0,3.0,3.0,0.3564,0.5896,0.054
8.0,2.0,3.0,2.0,0.4042,0.5384,0.0574
8.0,1.0,3.0,0.0,0.3576,0.5884,0.054
8.0,1.0,3.0,3.0,0.3668,0.5738,0.0594
8.0,1.0,3.0,2.0,0.3544,0.5898,0.0558
8.0,3.0,3.0,0.0,0.3536,0.5928,0.0536
8.0,3.0,3.0,3.0,0.4104,0.5326,0.057
8.0,3.0,3.0,2.0,0.3578,0.5842,0.058
8.0,0.0,4.0,3.0,0.3376,0.6116,0.0508
8.0,0.0,4.0,1.0,0.3392,0.6036,0.0572
8.0,0.0,4.0,0.0,0.3872,0.5614,0.0514
8.0,2.0,4.0,3.0,0.3516,0.5954,0.053
8.0,2.0,4.0,1.0,0.3472,0.5988,0.054
8.0,2.0,4.0,0.0,0.3404,0.6034,0.0562
8.0,1.0,4.0,1.0,0.362,0.5864,0.0516
8.0,1.0,4.0,0.0,0.3346,0.6138,0.0516
8.0,3.0,4.0,0.0,0.332,0.6126,0.0554
8.0,0.0,5.0,3.0,0.4006,0.5382,0.0612
8.0,0.0,5.0,2.0,0.4008,0.5438,0.0554
8.0,0.0,5.0,1.0,0.4028,0.5418,0.0554
8.0,0.0,5.0,0.0,0.4198,0.5276,0.0526
8.0,2.0,5.0,3.0,0.4008,0.5412,0.058
8.0,2.0,5.0,2.0,0.4392,0.5098,0.051
8.0,2.0,5.0,1.0,0.415,0.5324,0.0526
8.0,2.0,5.0,0.0,0.3958,0.5446,0.0596
8.0,0.0,6.0,0.0,0.438,0.5136,0.0484
8.0,0.0,6.0,3.0,0.4142,0.532,0.0538
8.0,0.0,6.0,1.0,0.4194,0.5304,0.0502
8.0,0.0,6.0,2.0,0.418,0.5332,0.0488
8.0,2.0,6.0,0.0,0.4184,0.5274,0.0542
8.0,2.0,6.0,3.0,0.4134,0.5356,0.051
8.0,2.0,6.0,1.0,0.4156,0.538,0.0464
8.0,2.0,6.0,2.0,0.4562,0.4948,0.049
8.0,1.0,6.0,2.0,0.4112,0.536,0.0528
8.0,3.0,6.0,2.0,0.4154,0.53,0.0546
8.0,0.0,7.0,2.0,0.4224,0.5254,0.0522
8.0,0.0,7.0,0.0,0.4702,0.488,0.0418
8.0,0.0,7.0,3.0,0.4366,0.5146,0.0488
8.0,0.0,7.0,1.0,0.4246,0.5258,0.0496
8.0,2.0,7.0,2.0,0.4796,0.4742,0.0462
8.0,2.0,7.0,0.0,0.4382,0.5132,0.0486
8.0,2.0,7.0,3.0,0.4308,0.518,0.0512
8.0,2.0,7.0,1.0,0.4476,0.5056,0.0468
8.0,1.0,7.0,1.0,0.4582,0.495,0.0468
8.0,0.0,8.0,2.0,0.6928,0.2988,0.0084
8.0,0.0,8.0,1.0,0.695,0.298,0.007
8.0,0.0,8.0,3.0,0.6938,0.2964,0.0098
8.0,2.0,8.0,1.0,0.689,0.3012,0.0098
8.0,2.0,8.0,3.0,0.6926,0.2976,0.0098
8.0,1.0,8.0,3.0,0.6864,0.3036,0.01
8.0,0.0,9.0,1.0,0.4648,0.4918,0.0434
8.0,0.0,9.0,0.0,0.4992,0.4588,0.042
8.0,0.0,9.0,3.0,0.4696,0.489,0.0414
8.0,2.0,9.0,1.0,0.4712,0.4864,0.0424
8.0,2.0,9.0,0.0,0.4764,0.4882,0.0354
8.0,2.0,9.0,3.0,0.4682,0.4882,0.0436
8.0,0.0,10.0,3.0,0.4942,0.4686,0.0372
8.0,0.0,10.0,1.0,0.4764,0.4836,0.04
8.0,0.0,10.0,2.0,0.4956,0.4622,0.0422
8.0,0.0,10.0,0.0,0.5044,0.4602,0.0354
8.0,2.0,10.0,3.0,0.4972,0.4652,0.0376
8.0,2.0,10.0,1.0,0.4958,0.4658,0.0384
8.0,2.0,10.0,2.0,0.5274,0.4406,0.032
8.0,2.0,10.0,0.0,0.4812,0.478,0.0408
8.0,1.0,10.0,1.0,0.5086,0.4488,0.0426
8.0,1.0,10.0,2.0,0.4832,0.4744,0.0424
8.0,1.0,10.0,0.0,0.4986,0.4638,0.0376
8.0,3.0,10.0,2.0,0.5044,0.4588,0.0368
8.0,3.0,10.0,0.0,0.4862,0.4716,0.0422
8.0,0.0,11.0,1.0,0.5158,0.4428,0.0414
8.0,0.0,11.0,0.0,0.5314,0.4348,0.0338
8.0,0.0,11.0,3.0,0.51,0.453,0.037
8.0,2.0,11.0,1.0,0.502,0.4606,0.0374
8.0,2.0,11.0,0.0,0.5152,0.4476,0.0372
8.0,2.0,11.0,3.0,0.5116,0.45,0.0384
8.0,1.0,11.0,0.0,0.4886,0.4774,0.034
8.0,1.0,11.0,3.0,0.4978,0.4638,0.0384
8.0,3.0,11.0,0.0,0.5102,0.452,0.0378
8.0,3.0,11.0,3.0,0.545,0.4224,0.0326
8.0,0.0,12.0,1.0,0.5328,0.426,0.0412
8.0,0.0,12.0,0.0,0.5128,0.4576,0.0296
8.0,0.0,12.0,2.0,0.5028,0.4686,0.0286
8.0,0.0,12.0,3.0,0.5104,0.4632,0.0264
8.0,2.0,12.0,1.0,0.5256,0.4366,0.0378
8.0,2.0,12.0,0.0,0.4996,0.4728,0.0276
8.0,2.0,12.0,2.0,0.517,0.4564,0.0266
8.0,2.0,12.0,3.0,0.5234,0.4534,0.0232
8.0,1.0,12.0,0.0,0.5024,0.4682,0.0294
8.0,1.0,12.0,2.0,0.496,0.4768,0.0272
8.0,1.0,12.0,3.0,0.5018,0.4712,0.027
8.0,3.0,12.0,0.0,0.484,0.4924,0.0236
8.0,3.0,12.0,2.0,0.4998,0.4712,0.029
8.0,3.0,12.0,3.0,0.5166,0.4544,0.029
8.0,0.0,13.0,2.0,0.5642,0.4044,0.0314
8.0,0.0,13.0,0.0,0.5712,0.397,0.0318
8.0,0.0,13.0,3.0,0.5494,0.41,0.0406
8.0,0.0,13.0,1.0,0.5478,0.4138,0.0384
8.0,2.0,13.0,2.0,0.5972,0.3708,0.032
8.0,2.0,13.0,0.0,0.5474,0.4216,0.031
8.0,2.0,13.0,3.0,0.5442,0.4246,0.0312
8.0,2.0,13.0,1.0,0.5554,0.4104,0.0342
8.0,1.0,13.0,1.0,0.567,0.4022,0.0308
8.0,3.0,13.0,1.0,0.565,0.402,0.033
8.0,0.0,14.0,0.0,0.5996,0.373,0.0274
8.0,0.0,14.0,2.0,0.5808,0.3864,0.0328
8.0,0.0,14.0,1.0,0.5876,0.375,0.0374
8.0,2.0,14.0,0.0,0.5868,0.3828,0.0304
8.0,2.0,14.0,2.0,0.621,0.3534,0.0256
8.0,2.0,14.0,1.0,0.5736,0.389,0.0374
8.0,1.0,14.0,1.0,0.6044,0.361,0.0346
8.0,3.0,14.0,1.0,0.5896,0.3794,0.031
9.0,2.0,2.0,0.0,0.3732,0.5774,0.0494
9.0,2.0,2.0,3.0,0.3738,0.5678,0.0584
9.0,2.0,2.0,2.0,0.4082,0.5312,0.0606
9.0,2.0,2.0,1.0,0.3824,0.5682,0.0494
9.0,1.0,2.0,0.0,0.3696,0.5682,0.0622
9.0,1.0,2.0,3.0,0.366,0.5818,0.0522
9.0,1.0,2.0,2.0,0.369,0.5824,0.0486
9.0,1.0,2.0,1.0,0.391,0.5618,0.0472
9.0,0.0,2.0,2.0,0.3686,0.5772,0.0542
9.0,0.0,2.0,1.0,0.3708,0.5752,0.054
9.0,3.0,2.0,2.0,0.3774,0.5692,0.0534
9.0,3.0,2.0,1.0,0.3804,0.5702,0.0494
9.0,2.0,3.0,1.0,0.3806,0.5714,0.048
9.0,2.0,3.0,0.0,0.3818,0.5644,0.0538
9.0,2.0,3.0,3.0,0.3818,0.5656,0.0526
9.0,2.0,3.0,2.0,0.4212,0.5314,0.0474
9.0,1.0,3.0,0.0,0.3874,0.559,0.0536
9.0,1.0,3.0,3.0,0.3812,0.5634,0.0554
9.0,1.0,3.0,2.0,0.383,0.5616,0.0554
9.0,0.0,3.0,0.0,0.4074,0.5434,0.0492
9.0,0.0,3.0,3.0,0.3786,0.5674,0.054
9.0,0.0,3.0,2.0,0.3834,0.5614,0.0552
9.0,3.0,3.0,0.0,0.3842,0.557,0.0588
9.0,3.0,3.0,3.0,0.4272,0.5218,0.051
9.0,3.0,3.0,2.0,0.3824,0.5658,0.0518
9.0,2.0,4.0,2.0,0.3868,0.565,0.0482
9.0,2.0,4.0,3.0,0.3548,0.5996,0.0456
9.0,2.0,4.0,1.0,0.358,0.594,0.048
9.0,2.0,4.0,0.0,0.352,0.5984,0.0496
9.0,1.0,4.0,3.0,0.3526,0.594,0.0534
9.0,1.0,4.0,1.0,0.3928,0.557,0.0502
9.0,1.0,4.0,0.0,0.3582,0.5946,0.0472
9.0,0.0,4.0,1.0,0.3554,0.5916,0.053
9.0,0.0,4.0,0.0,0.3898,0.5608,0.0494
9.0,3.0,4.0,1.0,0.3572,0.5928,0.05
9.0,3.0,4.0,0.0,0.3546,0.6002,0.0452
9.0,2.0,5.0,3.0,0.4246,0.523,0.0524
9.0,2.0,5.0,2.0,0.4648,0.4876,0.0476
9.0,2.0,5.0,1.0,0.4068,0.5394,0.0538
9.0,2.0,5.0,0.0,0.4088,0.5454,0.0458
9.0,1.0,5.0,2.0,0.4032,0.547,0.0498
9.0,1.0,5.0,1.0,0.423,0.527,0.05
9.0,1.0,5.0,0.0,0.3962,0.5516,0.0522
9.0,0.0,5.0,2.0,0.4224,0.528,0.0496
9.0,0.0,5.0,1.0,0.4082,0.5374,0.0544
9.0,0.0,5.0,0.0,0.4468,0.503,0.0502
9.0,2.0,6.0,0.0,0.4316,0.5196,0.0488
9.0,2.0,6.0,3.0,0.4314,0.5192,0.0494
9.0,2.0,6.0,1.0,0.4218,0.5262,0.052
9.0,2.0,6.0,2.0,0.4564,0.5038,0.0398
9.0,1.0,6.0,0.0,0.4284,0.5252,0.0464
9.0,1.0,6.0,3.0,0.4344,0.514,0.0516
9.0,1.0,6.0,1.0,0.445,0.505,0.05
9.0,1.0,6.0,2.0,0.4238,0.5258,0.0504
9.0,0.0,6.0,0.0,0.4666,0.4886,0.0448
9.0,0.0,6.0,3.0,0.4368,0.5146,0.0486
9.0,0.0,6.0,1.0,0.4214,0.537,0.0416
9.0,0.0,6.0,2.0,0.4494,0.5042,0.0464
9.0,3.0,6.0,3.0,0.4726,0.4828,0.0446
9.0,3.0,6.0,1.0,0.4184,0.5322,0.0494
9.0,3.0,6.0,2.0,0.4316,0.5244,0.044
9.0,2.0,7.0,2.0,0.488,0.4632,0.0488
9.0,2.0,7.0,0.0,0.4648,0.4884,0.0468
9.0,2.0,7.0,3.0,0.4662,0.4902,0.0436
9.0,2.0,7.0,1.0,0.446,0.5094,0.0446
9.0,1.0,7.0,2.0,0.4354,0.5212,0.0434
9.0,1.0,7.0,0.0,0.4484,0.5008,0.0508
9.0,1.0,7.0,3.0,0.4556,0.4954,0.049
9.0,1.0,7.0,1.0,0.4714,0.4858,0.0428
9.0,0.0,7.0,0.0,0.4912,0.4654,0.0434
9.0,0.0,7.0,3.0,0.4602,0.4948,0.045
9.0,0.0,7.0,1.0,0.4654,0.4954,0.0392
9.0,3.0,7.0,0.0,0.4496,0.5044,0.046
9.0,3.0,7.0,3.0,0.4936,0.4666,0.0398
9.0,3.0,7.0,1.0,0.4416,0.5152,0.0432
9.0,2.0,8.0,0.0,0.474,0.4884,0.0376
9.0,2.0,8.0,2.0,0.5114,0.4472,0.0414
9.0,2.0,8.0,1.0,0.466,0.493,0.041
9.0,2.0,8.0,3.0,0.4716,0.4894,0.039
9.0,1.0,8.0,1.0,0.4862,0.4732,0.0406
9.0,1.0,8.0,3.0,0.4798,0.4774,0.0428
9.0,0.0,8.0,1.0,0.4666,0.4934,0.04
9.0,0.0,8.0,3.0,0.476,0.48,0.044
9.0,3.0,8.0,1.0,0.4712,0.479,0.0498
9.0,3.0,8.0,3.0,0.4952,0.4634,0.0414
9.0,2.0,9.0,1.0,0.7262,0.2666,0.0072
9.0,2.0,9.0,0.0,0.72,0.2712,0.0088
9.0,2.0,9.0,3.0,0.7216,0.2708,0.0076
9.0,1.0,9.0,0.0,0.7142,0.2768,0.009
9.0,1.0,9.0,3.0,0.7258,0.2644,0.0098
9.0,0.0,9.0,3.0,0.7264,0.2654,0.0082
9.0,2.0,10.0,3.0,0.5178,0.4514,0.0308
9.0,2.0,10.0,1.0,0.4996,0.4624,0.038
9.0,2.0,10.0,2.0,0.541,0.425,0.034
9.0,2.0,10.0,0.0,0.5176,0.447,0.0354
9.0,1.0,10.0,3.0,0.5212,0.4424,0.0364
9.0,1.0,10.0,1.0,0.5276,0.4364,0.036
9.0,1.0,10.0,2.0,0.5178,0.447,0.0352
9.0,1.0,10.0,0.0,0.5018,0.4626,0.0356
9.0,0.0,10.0,3.0,0.5102,0.4568,0.033
9.0,0.0,10.0,1.0,0.51,0.4564,0.0336
9.0,0.0,10.0,2.0,0.5044,0.4586,0.037
9.0,0.0,10.0,0.0,0.5336,0.43,0.0364
9.0,3.0,10.0,1.0,0.493,0.475,0.032
9.0,3.0,10.0,2.0,0.5044,0.4586,0.037
9.0,3.0,10.0,0.0,0.5078,0.4588,0.0334
9.0,2.0,11.0,2.0,0.5534,0.4148,0.0318
9.0,2.0,11.0,1.0,0.5346,0.4338,0.0316
9.0,2.0,11.0,0.0,0.5452,0.4204,0.0344
9.0,2.0,11.0,3.0,0.5256,0.4452,0.0292
9.0,1.0,11.0,1.0,0.5456,0.4244,0.03
9.0,1.0,11.0,0.0,0.5164,0.4536,0.03
9.0,1.0,11.0,3.0,0.5274,0.4396,0.033
9.0,0.0,11.0,1.0,0.5264,0.4408,0.0328
9.0,0.0,11.0,0.0,0.5452,0.419,0.0358
9.0,0.0,11.0,3.0,0.5278,0.4426,0.0296
9.0,3.0,11.0,0.0,0.5288,0.4356,0.0356
9.0,3.0,11.0,3.0,0.5562,0.4114,0.0324
9.0,2.0,12.0,1.0,0.5422,0.4238,0.034
9.0,2.0,12.0,0.0,0.5104,0.4662,0.0234
9.0,2.0,12.0,2.0,0.548,0.428,0.024
9.0,2.0,12.0,3.0,0.5144,0.461,0.0246
9.0,1.0,12.0,1.0,0.5654,0.3998,0.0348
9.0,1.0,12.0,0.0,0.5126,0.4598,0.0276
9.0,1.0,12.0,2.0,0.528,0.44,0.032
9.0,1.0,12.0,3.0,0.5022,0.4702,0.0276
9.0,0.0,12.0,0.0,0.5366,0.4398,0.0236
9.0,0.0,12.0,2.0,0.5238,0.4524,0.0238
9.0,0.0,12.0,3.0,0.5214,0.4544,0.0242
9.0,3.0,12.0,0.0,0.5174,0.4558,0.0268
9.0,3.0,12.0,2.0,0.5364,0.4374,0.0262
9.0,3.0,12.0,3.0,0.5436,0.428,0.0284
9.0,2.0,13.0,2.0,0.5962,0.3742,0.0296
9.0,2.0,13.0,0.0,0.5784,0.391,0.0306
9.0,2.0,13.0,3.0,0.5828,0.3892,0.028
9.0,2.0,13.0,1.0,0.5676,0.4006,0.0318
9.0,1.0,13.0,2.0,0.565,0.404,0.031
9.0,1.0,13.0,0.0,0.569,0.4004,0.0306
9.0,1.0,13.0,3.0,0.576,0.39,0.034
9.0,1.0,13.0,1.0,0.5924,0.3796,0.028
9.0,0.0,13.0,2.0,0.5764,0.3974,0.0262
9.0,0.0,13.0,0.0,0.584,0.3854,0.0306
9.0,0.0,13.0,3.0,0.5762,0.3932,0.0306
9.0,0.0,13.0,1.0,0.5484,0.4184,0.0332
9.0,3.0,13.0,0.0,0.5662,0.4048,0.029
9.0,3.0,13.0,3.0,0.5866,0.3858,0.0276
9.0,3.0,13.0,1.0,0.5766,0.3934,0.03
9.0,2.0,14.0,0.0,0.5992,0.3744,0.0264
9.0,2.0,14.0,2.0,0.6246,0.349,0.0264
9.0,2.0,14.0,1.0,0.605,0.3692,0.0258
9.0,1.0,14.0,0.0,0.61,0.3602,0.0298
9.0,1.0,14.0,2.0,0.604,0.3708,0.0252
9.0,1.0,14.0,1.0,0.6088,0.363,0.0282
9.0,0.0,14.0,2.0,0.5966,0.3772,0.0262
9.0,0.0,14.0,1.0,0.5956,0.378,0.0264
9.0,3.0,14.0,1.0,0.6116,0.3606,0.0278
10.0,3.0,2.0,2.0,0.4028,0.5478,0.0494
10.0,3.0,2.0,1.0,0.4072,0.5424,0.0504
10.0,1.0,2.0,1.0,0.4228,0.5302,0.047
10.0,2.0,2.0,1.0,0.405,0.5506,0.0444
10.0,0.0,2.0,1.0,0.3994,0.55,0.0506
10.0,3.0,3.0,0.0,0.405,0.5468,0.0482
10.0,3.0,3.0,3.0,0.4392,0.5134,0.0474
10.0,3.0,3.0,2.0,0.4186,0.5298,0.0516
10.0,1.0,3.0,0.0,0.4022,0.5466,0.0512
10.0,1.0,3.0,3.0,0.4038,0.5478,0.0484
10.0,1.0,3.0,2.0,0.4028,0.5434,0.0538
10.0,2.0,3.0,0.0,0.4166,0.533,0.0504
10.0,2.0,3.0,3.0,0.4074,0.546,0.0466
10.0,2.0,3.0,2.0,0.4418,0.5086,0.0496
10.0,0.0,3.0,0.0,0.4402,0.5132,0.0466
10.0,0.0,3.0,3.0,0.4154,0.5308,0.0538
10.0,0.0,3.0,2.0,0.4146,0.5312,0.0542
10.0,3.0,4.0,1.0,0.3864,0.5684,0.0452
10.0,3.0,4.0,0.0,0.383,0.5638,0.0532
10.0,1.0,4.0,1.0,0.4086,0.5432,0.0482
10.0,1.0,4.0,0.0,0.386,0.5618,0.0522
10.0,2.0,4.0,0.0,0.3964,0.5588,0.0448
10.0,0.0,4.0,0.0,0.4278,0.5246,0.0476
10.0,3.0,6.0,3.0,0.4922,0.4626,0.0452
10.0,3.0,6.0,1.0,0.4648,0.4906,0.0446
10.0,3.0,6.0,2.0,0.4484,0.5072,0.0444
10.0,1.0,6.0,2.0,0.4504,0.5012,0.0484
10.0,2.0,6.0,2.0,0.4908,0.4676,0.0416
10.0,0.0,6.0,2.0,0.442,0.5088,0.0492
10.0,3.0,7.0,0.0,0.4722,0.487,0.0408
10.0,3.0,7.0,3.0,0.5176,0.4456,0.0368
10.0,3.0,7.0,1.0,0.4798,0.476,0.0442
10.0,1.0,7.0,1.0,0.4856,0.4674,0.047
10.0,3.0,8.0,1.0,0.5078,0.4526,0.0396
10.0,3.0,8.0,3.0,0.5356,0.4246,0.0398
10.0,1.0,8.0,3.0,0.4932,0.4656,0.0412
10.0,3.0,9.0,3.0,0.5354,0.429,0.0356
10.0,3.0,10.0,1.0,0.7628,0.2306,0.0066
10.0,3.0,10.0,2.0,0.7604,0.2322,0.0074
10.0,3.0,10.0,0.0,0.7546,0.2396,0.0058
10.0,1.0,10.0,2.0,0.7646,0.2294,0.006
10.0,1.0,10.0,0.0,0.7492,0.2442,0.0066
10.0,2.0,10.0,0.0,0.752,0.2402,0.0078
10.0,3.0,11.0,0.0,0.5464,0.4268,0.0268
10.0,3.0,11.0,3.0,0.5806,0.3896,0.0298
10.0,1.0,11.0,0.0,0.551,0.4154,0.0336
10.0,1.0,11.0,3.0,0.5374,0.4366,0.026
10.0,2.0,11.0,0.0,0.5586,0.4162,0.0252
10.0,2.0,11.0,3.0,0.5442,0.4276,0.0282
10.0,0.0,11.0,0.0,0.5718,0.3998,0.0284
10.0,0.0,11.0,3.0,0.5504,0.422,0.0276
10.0,3.0,12.0,0.0,0.5348,0.4414,0.0238
10.0,3.0,12.0,2.0,0.5298,0.4474,0.0228
10.0,3.0,12.0,3.0,0.567,0.4104,0.0226
10.0,1.0,12.0,0.0,0.5338,0.4454,0.0208
10.0,1.0,12.0,2.0,0.5294,0.451,0.0196
10.0,1.0,12.0,3.0,0.5292,0.4454,0.0254
10.0,2.0,12.0,0.0,0.5416,0.4352,0.0232
10.0,2.0,12.0,2.0,0.5674,0.4142,0.0184
10.0,2.0,12.0,3.0,0.5418,0.4338,0.0244
10.0,0.0,12.0,0.0,0.5562,0.423,0.0208
10.0,0.0,12.0,2.0,0.552,0.427,0.021
10.0,0.0,12.0,3.0,0.534,0.441,0.025
10.0,3.0,13.0,0.0,0.5902,0.3856,0.0242
10.0,3.0,13.0,3.0,0.6154,0.3624,0.0222
10.0,3.0,13.0,1.0,0.5786,0.3928,0.0286
10.0,1.0,13.0,1.0,0.6038,0.3698,0.0264
10.0,2.0,13.0,1.0,0.5892,0.3846,0.0262
10.0,0.0,13.0,1.0,0.5878,0.3862,0.026
10.0,3.0,14.0,1.0,0.6228,0.3508,0.0264
10.0,1.0,14.0,1.0,0.6302,0.345,0.0248
10.0,2.0,14.0,1.0,0.6268,0.3498,0.0234
10.0,0.0,14.0,1.0,0.614,0.3604,0.0256
11.0,2.0,2.0,0.0,0.4246,0.5234,0.052
11.0,2.0,2.0,3.0,0.4388,0.5168,0.0444
11.0,2.0,2.0,2.0,0.4718,0.481,0.0472
11.0,2.0,2.0,1.0,0.4382,0.517,0.0448
11.0,1.0,2.0,2.0,0.421,0.531,0.048
11.0,1.0,2.0,1.0,0.4634,0.5006,0.036
11.0,2.0,3.0,0.0,0.4404,0.516,0.0436
11.0,2.0,3.0,3.0,0.4472,0.5044,0.0484
11.0,2.0,3.0,2.0,0.4574,0.4962,0.0464
11.0,1.0,3.0,0.0,0.4216,0.5252,0.0532
11.0,1.0,3.0,3.0,0.4316,0.5186,0.0498
11.0,1.0,3.0,2.0,0.4352,0.52,0.0448
11.0,0.0,3.0,2.0,0.4374,0.5166,0.046
11.0,3.0,3.0,2.0,0.4444,0.5098,0.0458
11.0,2.0,4.0,3.0,0.4112,0.5404,0.0484
11.0,2.0,4.0,1.0,0.4272,0.5244,0.0484
11.0,2.0,4.0,0.0,0.4356,0.5214,0.043
11.0,1.0,4.0,1.0,0.4274,0.523,0.0496
11.0,1.0,4.0,0.0,0.421,0.5324,0.0466
11.0,2.0,5.0,3.0,0.476,0.4782,0.0458
11.0,2.0,5.0,2.0,0.4824,0.4762,0.0414
11.0,2.0,5.0,1.0,0.455,0.4962,0.0488
11.0,2.0,5.0,0.0,0.461,0.4878,0.0512
11.0,1.0,5.0,0.0,0.4518,0.4966,0.0516
11.0,2.0,6.0,0.0,0.4596,0.501,0.0394
11.0,2.0,6.0,3.0,0.4672,0.4906,0.0422
11.0,2.0,6.0,1.0,0.458,0.5002,0.0418
11.0,2.0,6.0,2.0,0.484,0.4762,0.0398
11.0,1.0,6.0,0.0,0.466,0.489,0.045
11.0,1.0,6.0,3.0,0.4722,0.4854,0.0424
11.0,1.0,6.0,1.0,0.501,0.4528,0.0462
11.0,1.0,6.0,2.0,0.4518,0.5026,0.0456
11.0,0.0,6.0,2.0,0.4598,0.496,0.0442
11.0,3.0,6.0,2.0,0.467,0.4898,0.0432
11.0,2.0,7.0,2.0,0.5182,0.4446,0.0372
11.0,2.0,7.0,0.0,0.4858,0.476,0.0382
11.0,2.0,7.0,3.0,0.4932,0.4724,0.0344
11.0,2.0,7.0,1.0,0.4954,0.4634,0.0412
11.0,1.0,7.0,0.0,0.4866,0.4748,0.0386
11.0,1.0,7.0,3.0,0.481,0.4776,0.0414
11.0,1.0,7.0,1.0,0.5082,0.4508,0.041
11.0,2.0,8.0,0.0,0.5084,0.4578,0.0338
11.0,2.0,8.0,2.0,0.5464,0.4156,0.038
11.0,2.0,8.0,1.0,0.4952,0.4656,0.0392
11.0,2.0,8.0,3.0,0.5124,0.448,0.0396
11.0,1.0,8.0,1.0,0.5176,0.443,0.0394
11.0,1.0,8.0,3.0,0.5046,0.459,0.0364
11.0,2.0,9.0,1.0,0.5272,0.4378,0.035
11.0,2.0,9.0,0.0,0.5222,0.4428,0.035
11.0,2.0,9.0,3.0,0.5418,0.422,0.0362
11.0,1.0,9.0,3.0,0.5154,0.452,0.0326
11.0,2.0,10.0,3.0,0.5578,0.4126,0.0296
11.0,2.0,10.0,1.0,0.5512,0.4206,0.0282
11.0,2.0,10.0,2.0,0.5668,0.4072,0.026
11.0,2.0,10.0,0.0,0.537,0.432,0.031
11.0,1.0,10.0,3.0,0.5422,0.4308,0.027
11.0,1.0,10.0,1.0,0.5684,0.4034,0.0282
11.0,1.0,10.0,2.0,0.5482,0.4252,0.0266
11.0,1.0,10.0,0.0,0.5492,0.4218,0.029
11.0,2.0,11.0,1.0,0.7882,0.2072,0.0046
11.0,2.0,11.0,0.0,0.7802,0.2138,0.006
11.0,2.0,11.0,3.0,0.7796,0.2156,0.0048
11.0,1.0,11.0,0.0,0.7838,0.2086,0.0076
11.0,1.0,11.0,3.0,0.7762,0.2188,0.005
11.0,0.0,11.0,3.0,0.784,0.2094,0.0066
11.0,2.0,12.0,1.0,0.586,0.3896,0.0244
11.0,2.0,12.0,0.0,0.5496,0.4314,0.019
11.0,2.0,12.0,2.0,0.565,0.4126,0.0224
11.0,2.0,12.0,3.0,0.5428,0.44,0.0172
11.0,1.0,12.0,0.0,0.5472,0.4292,0.0236
11.0,1.0,12.0,2.0,0.5344,0.4448,0.0208
11.0,1.0,12.0,3.0,0.537,0.4414,0.0216
11.0,0.0,12.0,3.0,0.5376,0.4426,0.0198
11.0,3.0,12.0,3.0,0.5702,0.4094,0.0204
11.0,2.0,13.0,2.0,0.6202,0.3538,0.026
11.0,2.0,13.0,0.0,0.5956,0.3818,0.0226
11.0,2.0,13.0,3.0,0.6082,0.3726,0.0192
11.0,2.0,13.0,1.0,0.595,0.3822,0.0228
11.0,1.0,13.0,0.0,0.603,0.3772,0.0198
11.0,1.0,13.0,3.0,0.5976,0.3778,0.0246
11.0,1.0,13.0,1.0,0.616,0.3594,0.0246
11.0,2.0,14.0,0.0,0.6308,0.346,0.0232
11.0,2.0,14.0,2.0,0.6592,0.3222,0.0186
11.0,2.0,14.0,1.0,0.6362,0.345,0.0188
11.0,1.0,14.0,1.0,0.6384,0.3384,0.0232
11.0,0.0,14.0,1.0,0.6366,0.3432,0.0202
11.0,3.0,14.0,1.0,0.6348,0.3464,0.0188
12.0,1.0,2.0,2.0,0.4432,0.5066,0.0502
12.0,1.0,2.0,1.0,0.486,0.465,0.049
12.0,0.0,2.0,1.0,0.4434,0.5234,0.0332
12.0,1.0,3.0,0.0,0.4746,0.4802,0.0452
12.0,1.0,3.0,3.0,0.4626,0.4924,0.045
12.0,1.0,3.0,2.0,0.4694,0.4846,0.046
12.0,0.0,3.0,0.0,0.4622,0.502,0.0358
12.0,0.0,3.0,3.0,0.4394,0.5306,0.03
12.0,0.0,3.0,2.0,0.436,0.5336,0.0304
12.0,2.0,3.0,2.0,0.4762,0.4936,0.0302
12.0,3.0,3.0,2.0,0.4394,0.5222,0.0384
12.0,1.0,4.0,1.0,0.4504,0.5084,0.0412
12.0,1.0,4.0,0.0,0.442,0.5176,0.0404
12.0,0.0,4.0,0.0,0.4584,0.5046,0.037
12.0,1.0,5.0,2.0,0.4798,0.477,0.0432
12.0,1.0,5.0,1.0,0.5144,0.4464,0.0392
12.0,1.0,5.0,0.0,0.4832,0.474,0.0428
12.0,1.0,6.0,0.0,0.4998,0.4624,0.0378
12.0,1.0,6.0,3.0,0.4862,0.4752,0.0386
12.0,1.0,6.0,1.0,0.515,0.4484,0.0366
12.0,1.0,6.0,2.0,0.495,0.4652,0.0398
12.0,0.0,6.0,2.0,0.4728,0.4976,0.0296
12.0,2.0,6.0,2.0,0.5096,0.4588,0.0316
12.0,3.0,6.0,2.0,0.4688,0.5018,0.0294
12.0,1.0,7.0,2.0,0.5046,0.4554,0.04
12.0,1.0,7.0,0.0,0.506,0.4544,0.0396
12.0,1.0,7.0,3.0,0.4906,0.466,0.0434
12.0,1.0,7.0,1.0,0.543,0.4208,0.0362
12.0,1.0,8.0,1.0,0.546,0.42,0.034
12.0,1.0,8.0,3.0,0.5164,0.4454,0.0382
12.0,1.0,9.0,0.0,0.5472,0.4232,0.0296
12.0,1.0,9.0,3.0,0.5404,0.4278,0.0318
12.0,1.0,10.0,3.0,0.5646,0.4076,0.0278
12.0,1.0,10.0,1.0,0.5898,0.384,0.0262
12.0,1.0,10.0,2.0,0.57,0.4044,0.0256
12.0,1.0,10.0,0.0,0.5754,0.4,0.0246
12.0,1.0,11.0,1.0,0.6144,0.3586,0.027
12.0,1.0,11.0,0.0,0.58,0.395,0.025
12.0,1.0,11.0,3.0,0.5736,0.401,0.0254
12.0,0.0,11.0,0.0,0.5512,0.427,0.0218
12.0,0.0,11.0,3.0,0.5538,0.4282,0.018
12.0,2.0,11.0,0.0,0.5506,0.4296,0.0198
12.0,2.0,11.0,3.0,0.5608,0.4174,0.0218
12.0,1.0,12.0,0.0,0.795,0.1994,0.0056
12.0,1.0,12.0,2.0,0.7948,0.1996,0.0056
12.0,1.0,12.0,3.0,0.7968,0.197,0.0062
12.0,0.0,12.0,2.0,0.7814,0.2146,0.004
12.0,0.0,12.0,3.0,0.7724,0.2234,0.0042
12.0,2.0,12.0,3.0,0.7842,0.2114,0.0044
12.0,1.0,13.0,2.0,0.6202,0.3614,0.0184
12.0,1.0,13.0,0.0,0.6272,0.3526,0.0202
12.0,1.0,13.0,3.0,0.6096,0.3678,0.0226
12.0,1.0,13.0,1.0,0.6376,0.3432,0.0192
12.0,0.0,13.0,1.0,0.5774,0.4038,0.0188
12.0,1.0,14.0,2.0,0.6404,0.3398,0.0198
12.0,1.0,14.0,1.0,0.6662,0.3146,0.0192
12.0,0.0,14.0,1.0,0.6108,0.3732,0.016
12.0,2.0,14.0,1.0,0.6272,0.36,0.0128
12.0,3.0,14.0,1.0,0.606,0.3796,0.0144
13.0,2.0,2.0,2.0,0.532,0.4272,0.0408
13.0,2.0,2.0,1.0,0.4876,0.4704,0.042
13.0,0.0,2.0,2.0,0.5012,0.4514,0.0474
13.0,0.0,2.0,1.0,0.4844,0.4738,0.0418
13.0,3.0,2.0,2.0,0.4864,0.471,0.0426
13.0,3.0,2.0,1.0,0.4908,0.4656,0.0436
13.0,2.0,3.0,0.0,0.5048,0.451,0.0442
13.0,2.0,3.0,3.0,0.5038,0.452,0.0442
13.0,2.0,3.0,2.0,0.5358,0.4268,0.0374
13.0,0.0,3.0,0.0,0.5266,0.4288,0.0446
13.0,0.0,3.0,3.0,0.4952,0.4634,0.0414
13.0,0.0,3.0,2.0,0.5,0.4582,0.0418
13.0,3.0,3.0,0.0,0.5,0.46,0.04
13.0,3.0,3.0,3.0,0.5308,0.4292,0.04
13.0,3.0,3.0,2.0,0.4962,0.4616,0.0422
13.0,1.0,3.0,2.0,0.501,0.4572,0.0418
13.0,2.0,4.0,1.0,0.4832,0.472,0.0448
13.0,2.0,4.0,0.0,0.48,0.471,0.049
13.0,0.0,4.0,1.0,0.457,0.4978,0.0452
13.0,0.0,4.0,0.0,0.5126,0.4444,0.043
13.0,3.0,4.0,1.0,0.4748,0.4784,0.0468
13.0,3.0,4.0,0.0,0.4808,0.477,0.0422
13.0,2.0,5.0,0.0,0.5154,0.446,0.0386
13.0,2.0,6.0,0.0,0.5328,0.428,0.0392
13.0,2.0,6.0,3.0,0.5262,0.4396,0.0342
13.0,2.0,6.0,1.0,0.521,0.438,0.041
13.0,2.0,6.0,2.0,0.5544,0.4086,0.037
13.0,0.0,6.0,1.0,0.5224,0.4372,0.0404
13.0,0.0,6.0,2.0,0.5334,0.4298,0.0368
13.0,3.0,6.0,1.0,0.5304,0.427,0.0426
13.0,3.0,6.0,2.0,0.535,0.4218,0.0432
13.0,1.0,6.0,2.0,0.531,0.4334,0.0356
13.0,2.0,7.0,0.0,0.5438,0.4172,0.039
13.0,2.0,7.0,3.0,0.5442,0.4192,0.0366
13.0,2.0,7.0,1.0,0.5558,0.4112,0.033
13.0,0.0,7.0,0.0,0.5626,0.4024,0.035
13.0,0.0,7.0,3.0,0.5422,0.4228,0.035
13.0,0.0,7.0,1.0,0.5348,0.4346,0.0306
13.0,3.0,7.0,0.0,0.5438,0.4184,0.0378
13.0,3.0,7.0,3.0,0.5566,0.4068,0.0366
13.0,3.0,7.0,1.0,0.5402,0.4218,0.038
13.0,2.0,8.0,1.0,0.559,0.4094,0.0316
13.0,2.0,8.0,3.0,0.5442,0.4244,0.0314
13.0,0.0,8.0,1.0,0.5542,0.4106,0.0352
13.0,0.0,8.0,3.0,0.5536,0.4128,0.0336
13.0,3.0,8.0,1.0,0.5616,0.4058,0.0326
13.0,3.0,8.0,3.0,0.597,0.3758,0.0272
13.0,2.0,9.0,3.0,0.5708,0.3992,0.03
13.0,2.0,10.0,3.0,0.5854,0.3842,0.0304
13.0,2.0,10.0,1.0,0.5748,0.402,0.0232
13.0,2.0,10.0,2.0,0.626,0.3526,0.0214
13.0,2.0,10.0,0.0,0.6022,0.3724,0.0254
13.0,0.0,10.0,1.0,0.5846,0.3912,0.0242
13.0,0.0,10.0,2.0,0.5874,0.391,0.0216
13.0,0.0,10.0,0.0,0.605,0.3674,0.0276
13.0,3.0,10.0,1.0,0.596,0.3828,0.0212
13.0,3.0,10.0,2.0,0.5904,0.382,0.0276
13.0,3.0,10.0,0.0,0.5926,0.3854,0.022
13.0,2.0,11.0,1.0,0.6102,0.3634,0.0264
13.0,2.0,11.0,0.0,0.5948,0.3828,0.0224
13.0,2.0,11.0,3.0,0.587,0.3872,0.0258
13.0,0.0,11.0,0.0,0.6064,0.3742,0.0194
13.0,0.0,11.0,3.0,0.5962,0.382,0.0218
13.0,3.0,11.0,0.0,0.6084,0.3706,0.021
13.0,3.0,11.0,3.0,0.6216,0.3592,0.0192
13.0,1.0,11.0,0.0,0.5978,0.381,0.0212
13.0,1.0,11.0,3.0,0.6018,0.379,0.0192
13.0,2.0,12.0,0.0,0.5822,0.4008,0.017
13.0,2.0,12.0,2.0,0.6078,0.3728,0.0194
13.0,2.0,12.0,3.0,0.5812,0.3972,0.0216
13.0,0.0,12.0,0.0,0.5906,0.3906,0.0188
13.0,0.0,12.0,2.0,0.5702,0.4106,0.0192
13.0,0.0,12.0,3.0,0.5754,0.4018,0.0228
13.0,3.0,12.0,0.0,0.5794,0.4016,0.019
13.0,3.0,12.0,2.0,0.5966,0.3864,0.017
13.0,3.0,12.0,3.0,0.6148,0.3652,0.02
13.0,1.0,12.0,2.0,0.5706,0.4132,0.0162
13.0,1.0,12.0,3.0,0.5846,0.4016,0.0138
13.0,2.0,13.0,0.0,0.8226,0.1708,0.0066
13.0,2.0,13.0,3.0,0.8204,0.1746,0.005
13.0,2.0,13.0,1.0,0.813,0.1798,0.0072
13.0,0.0,13.0,3.0,0.8104,0.1834,0.0062
13.0,0.0,13.0,1.0,0.8204,0.175,0.0046
13.0,3.0,13.0,1.0,0.8194,0.1742,0.0064
13.0,2.0,14.0,1.0,0.659,0.3208,0.0202
13.0,0.0,14.0,1.0,0.6356,0.347,0.0174
13.0,3.0,14.0,1.0,0.6554,0.3242,0.0204
13.0,1.0,14.0,1.0,0.6716,0.3088,0.0196
14.0,3.0,2.0,0.0,0.5292,0.4282,0.0426
14.0,3.0,2.0,3.0,0.5626,0.4006,0.0368
14.0,3.0,2.0,2.0,0.5438,0.418,0.0382
14.0,3.0,2.0,1.0,0.5366,0.4222,0.0412
14.0,0.0,2.0,3.0,0.5328,0.424,0.0432
14.0,0.0,2.0,2.0,0.5382,0.4212,0.0406
14.0,0.0,2.0,1.0,0.5168,0.4402,0.043
14.0,2.0,2.0,2.0,0.5534,0.413,0.0336
14.0,2.0,2.0,1.0,0.5248,0.432,0.0432
14.0,3.0,3.0,1.0,0.5466,0.4102,0.0432
14.0,3.0,3.0,0.0,0.5288,0.43,0.0412
14.0,3.0,3.0,3.0,0.573,0.3878,0.0392
14.0,3.0,3.0,2.0,0.5414,0.4138,0.0448
14.0,0.0,3.0,0.0,0.5672,0.3938,0.039
14.0,0.0,3.0,3.0,0.5332,0.4258,0.041
14.0,0.0,3.0,2.0,0.544,0.4168,0.0392
14.0,2.0,3.0,0.0,0.5428,0.4128,0.0444
14.0,2.0,3.0,3.0,0.5468,0.4136,0.0396
14.0,2.0,3.0,2.0,0.573,0.392,0.035
14.0,1.0,3.0,2.0,0.5506,0.4112,0.0382
14.0,3.0,4.0,2.0,0.526,0.4286,0.0454
14.0,3.0,4.0,3.0,0.5614,0.4012,0.0374
14.0,3.0,4.0,1.0,0.5276,0.4272,0.0452
14.0,3.0,4.0,0.0,0.5304,0.4256,0.044
14.0,0.0,4.0,3.0,0.5356,0.4234,0.041
14.0,0.0,4.0,1.0,0.5214,0.4342,0.0444
14.0,0.0,4.0,0.0,0.5604,0.397,0.0426
14.0,2.0,4.0,1.0,0.5338,0.428,0.0382
14.0,2.0,4.0,0.0,0.533,0.425,0.042
14.0,3.0,5.0,3.0,0.5796,0.3796,0.0408
14.0,3.0,5.0,2.0,0.569,0.3922,0.0388
14.0,3.0,5.0,1.0,0.5542,0.4026,0.0432
14.0,3.0,5.0,0.0,0.5576,0.4066,0.0358
14.0,0.0,5.0,2.0,0.5616,0.4026,0.0358
14.0,0.0,5.0,1.0,0.5596,0.399,0.0414
14.0,0.0,5.0,0.0,0.5792,0.3802,0.0406
14.0,2.0,5.0,0.0,0.5512,0.4076,0.0412
14.0,3.0,6.0,0.0,0.571,0.3912,0.0378
14.0,3.0,6.0,3.0,0.5996,0.3618,0.0386
14.0,3.0,6.0,1.0,0.5762,0.385,0.0388
14.0,3.0,6.0,2.0,0.571,0.391,0.038
14.0,0.0,6.0,0.0,0.5718,0.3922,0.036
14.0,0.0,6.0,3.0,0.5588,0.4038,0.0374
14.0,0.0,6.0,1.0,0.5836,0.384,0.0324
14.0,0.0,6.0,2.0,0.5696,0.3966,0.0338
14.0,2.0,6.0,0.0,0.563,0.3974,0.0396
14.0,2.0,6.0,3.0,0.5666,0.3938,0.0396
14.0,2.0,6.0,1.0,0.5656,0.3902,0.0442
14.0,2.0,6.0,2.0,0.5986,0.3682,0.0332
14.0,1.0,6.0,2.0,0.5542,0.4032,0.0426
14.0,3.0,7.0,2.0,0.5744,0.392,0.0336
14.0,3.0,7.0,0.0,0.5782,0.3894,0.0324
14.0,3.0,7.0,3.0,0.614,0.3538,0.0322
14.0,3.0,7.0,1.0,0.5758,0.3896,0.0346
14.0,0.0,7.0,2.0,0.5888,0.3782,0.033
14.0,0.0,7.0,0.0,0.5946,0.3744,0.031
14.0,0.0,7.0,3.0,0.5748,0.3878,0.0374
14.0,0.0,7.0,1.0,0.5684,0.3992,0.0324
14.0,2.0,7.0,0.0,0.568,0.3952,0.0368
14.0,2.0,7.0,3.0,0.5914,0.3748,0.0338
14.0,2.0,7.0,1.0,0.5744,0.3858,0.0398
14.0,3.0,8.0,0.0,0.6,0.371,0.029
14.0,3.0,8.0,2.0,0.5906,0.376,0.0334
14.0,3.0,8.0,1.0,0.597,0.3722,0.0308
14.0,3.0,8.0,3.0,0.6086,0.363,0.0284
14.0,0.0,8.0,1.0,0.5946,0.3792,0.0262
14.0,0.0,8.0,3.0,0.5918,0.3808,0.0274
14.0,2.0,8.0,1.0,0.5796,0.3886,0.0318
14.0,2.0,8.0,3.0,0.5952,0.3748,0.03
14.0,3.0,9.0,2.0,0.6008,0.368,0.0312
14.0,3.0,9.0,1.0,0.5954,0.3738,0.0308
14.0,3.0,9.0,0.0,0.6072,0.3644,0.0284
14.0,3.0,9.0,3.0,0.632,0.3432,0.0248
14.0,0.0,9.0,0.0,0.6108,0.3592,0.03
14.0,0.0,9.0,3.0,0.6036,0.3702,0.0262
14.0,2.0,9.0,3.0,0.6088,0.365,0.0262
14.0,3.0,10.0,3.0,0.646,0.334,0.02
14.0,3.0,10.0,1.0,0.6186,0.3608,0.0206
14.0,3.0,10.0,2.0,0.6288,0.3484,0.0228
14.0,3.0,10.0,0.0,0.6184,0.3588,0.0228
14.0,0.0,10.0,3.0,0.6,0.3788,0.0212
14.0,0.0,10.0,1.0,0.6104,0.364,0.0256
14.0,0.0,10.0,2.0,0.6332,0.343,0.0238
14.0,0.0,10.0,0.0,0.6334,0.3472,0.0194
14.0,2.0,10.0,3.0,0.6358,0.3436,0.0206
14.0,2.0,10.0,1.0,0.623,0.354,0.023
14.0,2.0,10.0,2.0,0.649,0.3294,0.0216
14.0,2.0,10.0,0.0,0.6274,0.3508,0.0218
14.0,3.0,11.0,2.0,0.6276,0.3508,0.0216
14.0,3.0,11.0,1.0,0.6228,0.3542,0.023
14.0,3.0,11.0,0.0,0.6374,0.3442,0.0184
14.0,3.0,11.0,3.0,0.661,0.32,0.019
14.0,0.0,11.0,1.0,0.6202,0.3586,0.0212
14.0,0.0,11.0,0.0,0.6506,0.33,0.0194
14.0,0.0,11.0,3.0,0.6482,0.3336,0.0182
14.0,2.0,11.0,1.0,0.6296,0.3494,0.021
14.0,2.0,11.0,0.0,0.6334,0.347,0.0196
14.0,2.0,11.0,3.0,0.6302,0.3464,0.0234
14.0,3.0,12.0,1.0,0.63,0.3538,0.0162
14.0,3.0,12.0,0.0,0.6054,0.3754,0.0192
14.0,3.0,12.0,2.0,0.6138,0.3682,0.018
14.0,3.0,12.0,3.0,0.6386,0.3466,0.0148
14.0,0.0,12.0,1.0,0.6414,0.3388,0.0198
14.0,0.0,12.0,0.0,0.6178,0.367,0.0152
14.0,0.0,12.0,2.0,0.6126,0.369,0.0184
14.0,0.0,12.0,3.0,0.6148,0.3708,0.0144
14.0,2.0,12.0,0.0,0.614,0.37,0.016
14.0,2.0,12.0,2.0,0.6474,0.3412,0.0114
14.0,2.0,12.0,3.0,0.6064,0.3784,0.0152
14.0,3.0,13.0,2.0,0.6444,0.3386,0.017
14.0,3.0,13.0,0.0,0.6438,0.339,0.0172
14.0,3.0,13.0,3.0,0.6748,0.3078,0.0174
14.0,3.0,13.0,1.0,0.6522,0.3284,0.0194
14.0,0.0,13.0,2.0,0.6452,0.3338,0.021
14.0,0.0,13.0,0.0,0.6534,0.3272,0.0194
14.0,0.0,13.0,3.0,0.6528,0.3318,0.0154
14.0,0.0,13.0,1.0,0.6578,0.3264,0.0158
14.0,2.0,13.0,2.0,0.6664,0.317,0.0166
14.0,2.0,13.0,0.0,0.6594,0.3248,0.0158
14.0,2.0,13.0,3.0,0.6534,0.3258,0.0208
14.0,2.0,13.0,1.0,0.6528,0.3288,0.0184
14.0,3.0,14.0,0.0,0.8462,0.1466,0.0072
14.0,3.0,14.0,2.0,0.8524,0.1424,0.0052
14.0,3.0,14.0,1.0,0.8494,0.145,0.0056
14.0,0.0,14.0,2.0,0.8518,0.143,0.0052
14.0,0.0,14.0,1.0,0.8428,0.149,0.0082
14.0,2.0,14.0,1.0,0.8528,0.1416,0.0056
